group,mean_ZENK,se_ZENK,n
ALAN,12.55,1.4169596766579935,14
day,6.336363636363636,0.9465989577307063,11
night,7.208333333333333,1.6086159274420364,12
